neuralforge,optunanat,raytune,kubeflow
0.7927954835211036,1.182709639966848,12.177368276864675,485.09918625494316
0.7936205858108557,1.0502646585659041,13.064636688135431,436.6331260751416
0.7891520657927403,1.2115884786700855,12.864595473813441,508.17793432995717
0.8328318253399335,1.2110507177443832,10.92335679531036,399.26688162561413
0.8123171097605602,1.3311080827204047,12.483313727806769,444.68383531146077
0.8265888110200436,1.0546454701991321,11.775445365710882,474.51812662967626
0.8436702192689723,1.1759370327344865,13.15319971737582,462.41067246642075
0.8391163404351821,1.0886777785751827,13.536501375170772,374.273980413743
0.6690027288890574,1.1393109271800497,10.56837990730801,493.80061215282035
0.8332132949806448,1.0780925258704304,14.094722846696001,399.88985878788253
0.7956878076831858,1.1706100222043467,12.628839714921844,490.93181557718833
0.8319206895396222,1.234988510186921,13.699896195612597,473.9246018825059
0.76865072673902,1.1282628906183423,11.460063451727972,474.9663200238391
0.7874942214501308,1.4335754222480548,10.761414915627013,395.0562700048921
0.8384236757734849,1.3421849981343466,13.411385381678521,491.79086729838366
0.8713172488721082,1.1905972523983697,9.554082133722046,423.39617258406435
0.8476447878658289,1.0556321593921711,12.467062641574524,462.6618679671031
0.7842203917593165,1.2723631986368096,13.561559483053133,566.0704258450365
0.8309983883886568,1.1390596541356937,11.27640481533194,408.42094493789966
0.8476136779907911,1.1433167165186298,12.259478452598804,487.46513096448376
0.7638268504674297,1.170634203638228,8.717427468792168,395.8760690480643
0.7716131793904075,1.241576098851667,14.786986544886595,449.07665934181443
0.8130682139599902,1.2167969368547231,14.569482226907208,494.66775993691033
0.8136846657703771,1.0989055696554688,14.20677062868919,469.0523563977876
0.861347077485711,1.1970093407318787,16.306201848967692,432.05618298390885
0.8796530207131522,1.2115118972607233,11.367461981508995,393.57760636038023
0.7924484724230583,1.3423321026167183,14.032748993229458,484.44419321330014
0.6812063713454402,1.2710964204570039,13.511704821839684,422.50368577973364
0.7686307816909802,1.1997689548186419,15.849752526297465,397.24496502888377
0.7786097482631859,1.3361784750350583,11.507698401144498,431.787426206953
0.8048888173644339,1.0758710623364305,12.839890860300025,389.51912015131825
0.8442599155179072,1.2003180822757988,16.966862933695502,464.04202567655176
0.8682844745216375,1.0696736028282636,12.155721312956269,466.15728270070514
0.8872860459185525,1.0319084061979036,14.381239359617645,479.56770069079585
0.8766773097869065,1.271238551807872,12.504142370207896,423.91751747909206
0.7375910141078641,1.219542276490297,12.016606462009378,551.013366903982
0.7694487586007577,1.2320391845205112,9.26199716064854,430.2268710836911
0.813057394004555,1.2823960012519504,15.296203373656201,447.79259118353656
0.7441377560469558,1.245785039949154,13.433974196827586,474.58291714191347
0.7649856150412634,1.3133384397586887,12.57579182180903,484.9912310857993
0.8637036620047225,1.2609272320565852,12.973032055963541,557.6397617550263
0.8121851520486075,1.1704035767227918,12.62393407516606,524.1384334218567
0.8059356243443401,1.2519377655139212,14.791462880664326,424.3570694886585
0.7136715115373178,1.229942315221644,12.859469589047938,419.5994910719593
0.8435543190521209,1.260756737698457,10.410015156801167,475.91092220106015
0.7901947520548713,1.0516974729792719,13.305900466131938,447.73926866603045
0.7627358550405067,1.2522945586896748,13.376186544384758,421.1231408027851
0.820017609526734,1.3015064936192444,10.974666728628597,469.0445013700796
0.8001377875240654,1.4266010310650885,8.675394058443626,484.7641965703231
0.7846877490109393,1.1899802451170167,16.203177952766538,449.5713424369603
0.9120471851887785,1.1557852034586453,13.10102408269622,425.45762491625544
0.7654655993691059,1.206248312645153,11.834856949301795,460.1245791993214
0.6947486066137918,1.40024676886096,12.066006182437443,537.1452753116996
0.7496443936946762,1.2292535704724268,18.72988420295377,406.5135408446855
0.7252350113445868,1.1453490464663358,13.344976854645212,484.6670020030648
0.8645183344010714,1.1742987601606685,9.195498480999397,428.2485097762457
0.862011134740088,1.246566265317129,8.486122429249994,448.2474244155922
0.8699084045661065,1.4126548136950434,13.523373277569556,465.4651156399751
0.7379897166007136,1.1156757126032495,12.493831715012332,475.15988704067644
0.8290092095559883,1.1521791444865863,10.096115543152969,411.1109079450043
0.7421512802870119,1.2643409182763992,7.77543778790868,433.3360987195253
0.8224939166050607,1.352201272466494,12.542599350101945,500.0641969757055
0.7800497964109454,1.1255596013467908,11.051213923125069,526.3667890950916
0.8497110571948874,1.2487397926462616,19.060537727123545,448.38293137369254
0.8310174825514401,1.230759155255851,11.95622861975168,565.8085673885759
0.8753302401518557,1.0600520365379444,11.60030735542957,471.41682691841436
0.8391591607521024,1.065155293018662,7.888876825956395,354.6816515619109
0.7964444268329391,1.1896796820960323,13.09043875222903,411.51626110604707
0.738788116204697,0.997695494242065,13.058374717494875,468.5026979243888
0.8496496835177856,1.2790795687979233,12.018568838126116,517.4630481376743
0.7931816544236726,1.1339163613681926,11.358843113392865,420.7594177647303
0.691713164024983,1.2156326052985766,12.899771183524333,431.8867094558951
0.7643079264956794,1.2371803824355276,15.833741175095382,451.91275762524907
0.7746183196395148,1.140855279757707,12.260487123709677,386.76172144792787
0.7937369655900961,1.206118226433678,16.08935737553238,497.1736882056687
0.8517014617824941,1.1287051458900759,13.739843086472487,393.03087627250414
0.8155980348345435,1.2418737260418857,10.867181167875527,549.9689902580744
0.8283686831375332,1.009727169710549,13.505719773191618,429.6294090554996
0.8000688107908152,1.2465764790914182,13.181065334623085,348.04243284826924
0.7420840128193208,1.277262415857459,15.002408498458582,545.1576443331251
0.8901584119326553,0.994446339536952,13.938964241872903,354.1854899442448
0.8806800364270998,1.225334940282205,10.117662424045921,550.4950473545571
0.8321985435145436,1.0108851111048527,12.986936234921242,413.443004616731
0.805564773998512,1.1534805385444635,15.14698777253731,378.8356805908213
0.8158702584130708,1.3814188340599978,10.746079402059458,460.53243380291093
0.8101000820475039,1.1310297811121413,13.695787245530505,454.8525140904948
0.7528116247608438,1.376201610489885,13.983229993179606,441.6446527488734
0.7681662616278269,1.1215637377789474,14.861881945121105,442.67608827297255
0.8229719101932378,1.1815543299107065,13.632818939634717,444.2010434937058
0.8381926936238535,1.181678909017847,14.059174594237044,483.6192054674819
0.794169509966941,1.1140222759573413,10.51976001891239,412.9631589929615
0.7507756178357595,1.286579642125405,12.306795374979195,528.5050488786266
0.913966491385257,1.2024222471072237,9.303965595313255,430.9273234229859
0.7962325791541779,1.05115576548472,11.899013445393898,464.3473154570942
0.7770286076901313,1.1231574077087143,10.882486480874382,539.3341865179706
0.7920176959851155,1.1170069885316436,11.65420321860975,497.7171854022685
0.7657655977978721,1.2481847309331828,13.855769897799401,487.45589161004875
0.8699847335598325,1.1449518020363592,14.665465724363994,410.35732000943153
0.7801730061500388,1.3196087173060365,14.044750806222353,450.1048775299204
0.7404293086985061,1.2561659827093323,11.139254601033539,403.80575858950436
0.7675932872785701,1.2246494039900444,8.157935789136978,468.03815766059944
0.8086954809854972,1.1415473597562993,14.473854586900712,480.5720211846379
0.7696857927267424,1.1329983378229076,13.790302950923857,374.1963220291963
0.7833688785122945,1.1368953472525325,12.539754969307925,460.55632611953826
0.8018393957482141,1.3134848076219414,12.856126069264015,434.2503874391391
0.739457254622121,1.272184979685773,13.456293091703378,522.5404772448377
0.7626272583274096,1.2026418040085687,12.282614604812125,445.6194570375217
0.8005195105663557,1.0285460509718536,14.049971068051304,482.6602935665984
0.8565236700429408,1.424957436649435,11.762065612728463,448.19284117843443
0.800489178256167,1.3942185450708455,8.937560554530137,474.2883985103699
0.7264584316275782,0.9418429217876813,8.358334417024125,380.9115722145814
0.8534512719710351,1.113163958703423,11.945084681437162,391.8243619910053
0.8305475239112373,1.0898038475499185,15.03530435201033,400.3447292866359
0.7617586281010688,1.2122741045402432,12.449422441655727,521.2345044376442
0.8060203644046586,1.0792165711639126,11.279329451807369,421.36080283160834
0.836252111056562,1.238379300881221,12.161217953975726,493.4803610001693
0.7735751791410865,1.18637662516879,12.761520808666575,526.4090641382389
0.7950733409838204,1.1649201091185264,10.308325924575417,484.302609165823
0.770617731287648,1.23436850178679,8.596780219220577,502.1593479407506
0.7334031116005698,1.1222657636424582,14.51716226970528,383.2764632012807
0.7960272482313383,1.207425608108049,10.402886373334313,517.1466500774986
0.8749389151162209,1.0028382496405048,9.50201940520299,490.41161012465034
0.7348487932316343,1.1611362646432979,12.659104176667666,484.592504115668
0.7888373702794346,1.2095220919802039,10.84653416529904,514.6180799216946
0.7752343071549108,1.2339732887576003,11.376723826833532,455.3161745367217
0.7915918447800018,1.1837535828434895,10.372438283579008,489.82063971190183
0.8707021208369131,1.2243148097779433,13.86467054749543,491.90339403592895
0.846399289049534,1.2303356751359116,12.8245145599648,493.2003636010395
0.8034416162801392,1.1026081606235045,12.447696708911863,355.57923042302787
0.7997049880622453,1.24133723362975,14.871961552627905,457.56386386985463
0.8464069910590776,1.1999462485808592,10.35304730790638,379.4310141140353
0.7515132810931361,1.0633852281353195,13.667415621038517,439.61926571508513
0.8285157445007658,1.2073431429831483,14.488099089444269,503.0096395444418
0.7677330996111424,1.17256840390549,11.334342826450765,368.93439621295295
0.8337608572700437,1.3188794788193607,12.387143217451605,425.3403890775499
0.8545452514444778,0.9655037710984509,12.75495039187075,457.16419870501466
0.7714571472737264,1.3391574530759374,14.341470838108988,436.9421376151022
0.7956652004974083,1.1611976036451293,11.375760182691398,384.59000365680674
0.8689974226848194,1.3028000150290702,13.996332662278908,395.2832040111962
0.9040422582316667,1.3980165265557265,12.776114338002571,404.7889673930012
0.7566784958227917,1.2418548631088488,10.573971719444856,448.2894557871639
0.8544322354893382,1.0493176256316865,16.411457391191448,528.3354204498123
0.738145707518127,1.0586358705752958,11.83315629288107,398.44283998498173
0.7868139586544739,0.9418814034591578,11.942595889596042,540.1428235789409
0.7441702649631186,1.172693116317061,9.420781598118241,481.91187626209853
0.7887340405376423,1.3940733059659234,12.813678886878801,431.39100158806656
0.8275136247877892,1.1493772040811905,9.721383644361497,465.09738848943033
0.7912565600895749,1.216631505033886,13.15091466512013,424.4840164202772
0.8210788186246227,1.3737696573143212,10.184400940549668,536.8712753617058
0.7878598374505194,1.1233373354150649,17.254441142303584,457.7510816562624
0.8685201502295592,1.2817594240917867,9.03881034992055,456.04097993262593
0.7737340120164669,1.0658207405004096,8.856577267360453,455.11451218619425
0.8295126505399536,1.2390668185236196,11.788342889677692,410.0741510195917
0.7506569409191464,1.1444839405540548,10.333889593758535,439.83626743500656
0.7988556458015632,1.110401183505604,11.935899731139973,411.98399807557996
0.7997763797373975,1.250708770795473,12.756250467897521,473.6075437245513
0.7173992711196064,1.1621303501421496,12.953478753461582,482.05812297956663
0.7200998318629946,1.2159178253818006,14.812841297063263,441.0694652093909
0.7952620944261632,1.2450456882026013,12.894236367914909,483.7318675129273
0.8036206932042455,1.2152496070352719,10.835111125717933,441.4781069318949
0.8626561018634327,1.1795830244340695,12.062871441037409,425.4248314040245
0.8393592941220358,1.1145320922337218,14.2210043901041,403.15133028697676
0.7471109437428356,1.2205939462094109,12.66035893920362,464.87786515069536
0.85312685604447,1.1587504034799685,13.285987185787898,404.5091367325404
0.862958451484944,1.2632458666420014,13.473037530706476,459.39392456548927
0.7607200277930468,1.167262843833261,13.403558923650031,449.0407940231928
0.8061872331235796,1.0640180493198292,12.762187959752493,415.4036304929549
0.7458331723123863,1.1845314610480453,8.686991494774762,484.9284995203048
0.8426006448845623,1.1946563900753286,10.412435650896192,402.73155897930496
0.7924438473265881,0.9576266268830447,12.760953566148714,483.2216011990038
0.7844052575742069,1.15055976305904,12.763934517137322,467.5322033519947
0.854707587593295,1.2018396679213148,11.02048469693231,426.9367477013825
0.8090972870930043,1.355620037499693,11.759453390424609,397.3736670299335
0.756494668993365,0.9903665393776846,13.059587995362083,381.9337855358901
0.7383245236193712,1.0023985385845295,10.164023240833949,478.4207238468909
0.7344322941687378,1.025035766326397,12.756526267939735,432.9414355531993
0.821609500676014,1.2740559804907838,12.383002138933772,385.11195868090863
0.7938100019386468,1.2500259480149978,11.2340220858776,378.12693761435526
0.8551306030437743,1.15847523568155,11.581539975170443,450.79811208656
0.8515236178754626,1.2263619751956623,11.733548027285897,484.1066672632872
0.9073512246403781,1.3387786258105512,13.745742841355973,393.88597600714684
0.9876029371532666,1.080134288132808,11.65639419296176,415.00554028857147
0.8813445930761531,1.2420240075475804,9.54575007429283,463.37935886306127
0.827345283392447,1.1681516976441286,9.959620421370932,413.74832910192424
0.77815754904378,1.202273152894004,11.360180100606518,486.76102021222255
0.7525026250973578,1.026861313149086,10.92121311226152,517.4445323190726
0.7713421846424657,1.4340808887791223,13.382968468769722,391.7786967877837
0.7582856901608421,1.2243372471393812,10.04471215543044,568.7289326515801
0.750455460955339,1.2680943455950682,15.320259780520285,444.53997964976634
0.7502069437309247,1.1726933657725382,13.124432794934815,493.7876046430761
0.8028358467998126,1.0599777574019145,12.48464781321941,416.3320914223752
0.6908382081287296,1.1302439811836218,9.535098650424153,479.34272036342566
0.8972082377020539,1.3858753656760396,11.253582511102415,426.63028148883643
0.8344390999661918,1.3061285612072862,11.562522826880627,442.8682030864212
0.9103464674576447,1.189254848111278,11.429357115417709,455.99569919374784
0.8289851181064929,1.0978358142781417,11.903194388659557,391.68196906407564
0.7860868223249713,1.3876924528780101,13.883444357335781,445.37283746406706
0.7533443987206816,1.1688592040520838,14.501466655490413,421.91565948496657
0.8725210328760065,1.0626363644738168,11.819907413429588,537.1382166642111
0.699608061547316,1.318841315734982,8.697245850719138,445.4960076467005
0.791373263079446,1.2824293490711753,6.090913707751236,354.1095093574352
0.7716991853183109,1.2036895040275986,10.613566291081773,438.9566511723412
0.740691341659473,1.159872703272821,10.706467702619637,462.20106505068685
0.8290709925121343,1.3432930062807051,11.087162909567473,434.10040883738367
0.8023872713721187,1.1705080732909212,12.296018905796325,371.8910635485891
0.818587741178509,1.1084808439698761,10.4860768640068,370.5936898048925
0.85805008153307,1.1859390898702795,14.69898396476,463.6150840924074
0.7148319536852042,1.0916303569105135,13.91586394788122,411.715864290448
0.7454827975562509,1.182062087172771,12.046065674487483,399.4066300453352
0.783692737219327,1.1521507326663696,7.220020725082132,475.1331763476534
0.7594312516823288,1.3304439424758576,10.099751529481097,371.0200810139321
0.859381197199334,1.041494488420366,11.127651461241667,479.8668359242939
0.7835176949972592,1.0344528031090765,12.776070469223269,440.2838544414378
0.8641927532033857,1.258864790401033,18.471428596223113,367.7052982010262
0.7989162623352605,1.0933345508966215,14.709501001664021,491.09189888767423
0.8377018913275533,1.1222668043414612,10.909696849232876,348.51600561682494
0.885475007095443,1.2508219294296326,11.878280098960824,496.67576717695
0.837545776831718,1.2975264194737473,9.152925110826988,414.308202850163
0.8097720990533773,1.235542114521007,14.314469726898702,399.56822248727326
0.8063604567888889,1.4205353791976543,13.783843955221577,493.52814420537317
0.7990406364866518,1.276762701301947,16.007979573395478,455.33209936321674
0.8611989202413671,1.1124860621668564,13.580197533261662,495.2108337598482
0.7623998310370903,1.3098124198548895,11.049506807933835,409.7380371230089
0.7999403824447436,1.3931989742976572,13.018305906145608,496.78923910272323
0.763410113934495,1.2077497455742798,10.046887260025827,421.44468133304406
0.8417820334396102,1.1961602694088909,15.30259268428806,439.879177939466
0.7901032036263779,1.3276681547733542,11.102766988773642,374.01176970799105
0.8650638460394272,1.2414187875942884,8.069610104843564,452.22646606845933
0.7798106500408342,1.3744839660119277,10.942017173563249,420.9615972138226
0.7544799588263236,1.0945943913340062,10.999008158624052,378.20377627569343
0.7484401309363946,1.0393414763352242,9.405442561766497,372.0162484366281
0.7739420532869681,1.1316311454412256,9.94705920471651,473.91354375097694
0.7975962059215201,1.1568024047491212,11.472053441879787,529.6439780797921
0.8119907053938752,1.2475378326994666,7.2279201122472285,417.3132755297736
0.6914496607997063,1.1573795672817488,13.146620292685848,416.28511164512827
0.825930441512118,1.097725002494463,13.551606295095102,372.31953346831074
0.7869155874345855,1.2419807198023842,13.471841576434866,443.63683185544915
0.8969857134815276,1.1585580163017792,11.49800851506135,312.0246267169348
0.8884466912225021,1.1631001708824629,10.047969008566128,516.0452223527744
0.8617753061737833,1.210832562456606,9.530156862742542,470.9488025464232
0.7689304005778508,1.0829228204635744,14.486744734287036,343.3703956806894
0.828358162868353,1.2459355096570162,16.50202160624535,466.25869159149636
0.6970784254418132,1.1163879012429272,12.529333842611189,467.77818218048924
0.8490408038171859,1.0040324237920941,11.74010062559988,498.4930473051266
0.8771984897771231,1.3861023823312628,11.619561645271034,504.880262830321
0.8855856171204397,1.319806952339281,13.84737052406405,491.389846390451
0.7605057844199191,1.0552750228985548,14.365695857280038,432.6466595808601
0.7985933209640799,1.1421279948085625,11.614186316300641,461.63746973429437
0.7489070312904181,1.2068500011916774,12.892109750458156,446.13222896056334
0.7628185096172798,1.2786619853518353,16.1452739279866,419.9378520096788
0.8617231425313987,1.2889264059279424,7.093496563898656,411.940295002679
0.7682079847707359,1.2781771550781151,12.776975762074978,473.71990447347537
0.8318139433935632,1.1101083285157667,10.906900096997955,388.8555518643346
0.7914864700296517,1.1880896793338112,12.74241065399929,413.63461869541
0.8453262299071531,1.291711081594187,15.493037617336201,485.56539476985097
0.8092755619234658,1.267242397285265,13.619503578506395,417.4092550047229
0.8644692670855842,1.3718518152164858,16.353906360819696,451.7612854523205
0.8162135221649053,1.2416358890521493,12.394908873598816,480.9644383106895
0.7939410074596379,1.1806216596251857,15.91796433797326,458.2357719950943
0.8033505100538678,1.2882019277032455,12.70066592489863,464.5811128604632
0.7968217911760498,1.07795835078447,12.338056568445424,393.15576190425276
0.8105075612845424,1.081856178680059,14.233418263099853,487.46173827994187
0.8140214126126809,1.1899866122310592,13.232602559069981,351.75008313709236
0.7451590051650833,1.1851266736886048,13.090518867085128,446.0302113898575
0.7497694930807859,1.2133446034621092,11.492599155062246,396.5701478301437
0.8164751007541945,1.1790021793628978,14.792966351392902,483.2766033477167
0.8367335666923235,1.232166662350606,10.709644045544689,403.21864289358257
0.7264420951154452,1.4879012497563602,10.241110421694604,439.50840827722635
0.781980541728164,1.1718902378571927,11.231898987307149,356.5827575364669
0.7500903131253404,1.0609330469772744,12.146440818012847,415.79002973241006
0.7656409870553201,1.2215879245648396,11.23442984228349,496.6047068335907
0.7806910106845528,1.2225156728224007,9.74940656381464,482.843651045097
0.7797408303640363,1.240875808329028,13.06001033556226,441.3278422127032
0.8108719558147464,1.1614703564047213,15.092219500682507,496.71444273421776
0.8241247130399374,1.0819859584946656,10.201388688838414,416.80692153091513
0.7877498728222851,1.2448015668989338,10.60692430270939,508.8537035671785
0.8001797413020431,0.9987218225298595,11.44936577388149,320.7407357759113
0.7624135646553373,1.1450872150546996,11.179179730860229,433.73732288713296
0.7802949092558906,1.1406265646398688,15.404993824093667,510.745112381622
0.7429079671605081,1.3253899898513406,9.157265036238874,409.26939151414615
0.876259637295099,0.9760446661916039,13.549571325865907,387.32529417201334
0.7927999937598545,1.1819796789297108,15.794408423409585,409.469827925821
0.7965492408376648,1.2627019815585205,11.896445017073527,408.89663366172795
0.7970400110073991,1.2093511485857569,14.168110867818088,402.8473827198261
0.7775434743255975,1.2322942689524252,12.065665125325255,440.73598845092795
0.7991498448337927,1.1304160511763106,10.800619196734605,472.0365089304731
0.7452449953604178,1.3165383851207575,12.83460982639318,386.17294542156884
0.8141513497857631,1.216727859908564,13.92432276756793,507.9424785922502
0.7816790442167676,1.1292237292293508,11.18803691222481,400.9455785599542
0.7626779216584435,1.2284502437611342,12.430531625637663,425.432149638354
0.7630872094608794,1.2347886269511483,11.396801974556285,397.99216286134595
0.7924162571196928,1.173550640190504,10.25991741380663,491.35881781307046
0.8423006214927344,1.204089368451052,12.662080737818094,476.36540498732893
0.7984538763868206,1.2891292244642663,15.71201696939897,454.0246521263067
0.8220126711988481,1.2873451667961362,11.72391438640263,393.5847741404058
0.8453000407673095,1.0431235643253738,15.97767338004414,493.52167141910553
0.8093845584755163,1.2051095933908493,15.90271589622588,402.6887021613146
0.7419903269838187,1.1401864075287855,11.87640503185956,399.67653798022354
0.8076930536785479,1.213594494734275,10.772285704024359,530.1526326221782
0.7303963030060999,1.072327714134469,13.152240063416901,439.6258557877678
0.8208863427460387,1.138102937906224,10.33332044396498,417.72282631216575
0.7658202346481998,1.252499600833457,11.440083292052364,488.071518874559
0.829403767290247,1.3040596332300465,14.20143805765042,489.21764119786224
0.8384926484504933,1.1483307730475774,11.876231716519426,358.4936432070282
0.81458752809463,1.1326234086509963,13.203090928701082,476.37420392903044
0.7323953147702336,1.0986160634006448,11.701307328498396,424.1199672184028
0.8083510092067754,1.0844576233387602,12.494356664310548,365.57572290930045
0.6922444820252425,1.2716663639595576,9.789373021767869,422.00411461998385
0.7291318531574726,1.0591129209931172,11.602286880608082,429.4935813358761
0.8491293566218994,1.2449512010913926,11.877762925338075,487.884176533031
0.8558277109003533,1.241129798187663,11.587367724348868,500.9301688309289
0.8884260813053049,1.2660534318711725,15.941353180801487,496.32994583318674
0.8424429291564276,1.0909813515082296,10.17290130805649,447.5258257667496
0.7165271153048193,1.1407046187009524,14.134674788402478,416.74222909901096
0.826659550932789,1.0648749103440127,11.412717965627778,501.1720214708661
0.8104256218442649,1.2290282527177847,15.809447663189257,514.8401751243973
0.7561571548401138,1.3317898616503636,11.169511754706278,449.1205083640068
0.8007606542234409,1.3073040246873513,10.141466723134515,472.5930442021043
0.8262007439789837,1.2811513272837896,11.979228405346346,500.17061166855393
0.7644228007023626,1.3147058746768305,13.104480336020462,379.99585503936135
0.8203960169170755,1.2179304593778024,11.68868731109476,413.1873196984239
0.787990352158848,1.05578429868057,15.78143892816825,393.5860597465981
0.7669358447996648,1.3144899048058571,13.570061691211173,486.012268566113
0.8758354225600031,1.168785726432633,10.307010151922384,492.2133984620395
0.8398139145117858,1.1673110578655281,9.868840153328737,511.957527578946
0.8287923694082755,1.0626526078316214,13.959907633052431,377.9511297458811
0.7758684779339798,1.0876690549309431,11.124338855422081,408.3344497512087
0.7693344593580063,1.2724263962047015,12.989181934114146,481.43658010223317
0.8546171061771471,1.162729749541736,12.559789366508378,476.90764989188193
0.8853369286299423,1.2899078253382037,15.163102310840834,500.9482362229364
0.8528632708736696,1.021532983408105,14.161718388446918,460.6462423359398
0.802710718719768,1.147274486168473,11.54945184343871,470.8090369413516
0.8419987881789253,1.0502214395066836,12.836207641318786,421.9656610676352
0.7524598616839281,1.2392622275278218,11.742564336209654,417.04816596628814
0.7615417481792424,1.2281298848657518,12.379923451497072,395.41798115206274
0.7579501185122018,1.181749352035618,13.21029562026042,397.5142746952378
0.8244053296464718,1.1175997275387126,17.85548919739847,402.94985689316866
0.7604937229856186,1.2194003374853648,10.59523806567511,491.3815615302108
0.890070817337839,1.1612380195890408,12.745542082428882,424.1120166858254
0.7999985554509239,1.3431734418503052,14.188492395413395,404.7887533248059
0.8772952182607854,1.3162061328999815,13.372736637468186,417.03912918403574
0.8032853769867783,1.1204534059128766,13.335211539343897,434.17644508381244
0.6882518985609766,1.2926203056277368,12.78290607536597,503.92415345670474
0.7931910133426876,1.2188466618914506,14.630652288973405,469.38985357143696
0.8144000865108911,1.5214390971909233,12.061999618358099,458.4592874889207
0.8867014350586866,1.1194992298471502,10.318005397029543,378.3967099708748
0.826683122967267,1.2625630744746925,13.88297529310984,382.3219959976648
0.8502929579740944,1.3197265881393414,12.20537735068463,451.628323297802
0.8337797889131102,1.2367143500142999,13.683939330086625,395.6956971017488
0.7912688807136796,1.0787526640261271,13.662553904112494,476.5108231138356
0.7950592504595979,1.2296799229410333,9.286967283738063,492.8962632193571
0.7766364465039065,1.2129051013415726,14.630739437957168,412.17496958625725
0.8598616759090636,1.2124075309511968,12.456380311035756,477.80227841815434
0.7376487208766609,1.2594106177561086,12.523018917410502,501.8138481302467
0.7891596484352346,1.1636682553217996,13.139276305313459,447.03161037379164
0.7413015662719374,1.1806042270228883,14.935260039708382,445.34481370666543
0.7564770019616135,1.2715937005216977,8.69311265945104,343.98663746872666
0.7997924851913412,1.2180925230864312,12.840798423252686,405.3608554404214
0.7924750189932407,1.0601266748156823,12.839124621361893,369.23405727101095
0.7925378629160398,1.226157931113297,8.886748601152274,423.8748537244532
0.8394073123207537,1.3548967883590637,9.392079423496758,466.9959229215775
0.7382025312642276,1.0654741998091626,15.59214766212871,483.4091117924868
0.7597902851335575,1.2219027668829903,13.68389267252765,459.0646328195919
0.912363937184972,1.2605779141138385,6.414036759142311,435.49001187164527
0.7631711891053842,1.1795853222193595,12.426931792598253,417.44285370158195
0.7457541197001998,1.3363405490942708,13.594683987897135,416.46303248686667
0.833982482671702,1.2675180566507227,14.934614922292706,397.23433367124034
0.8389940814677364,1.139221165549295,14.710089142718306,440.3775422651978
0.6864110383679949,1.2035353973686538,8.831674955966667,439.1425287027959
0.7970904184897427,1.1598694984189901,9.42616022940289,394.21355463906605
0.7577704700333757,1.1751891388977544,14.976999559826464,485.4542715187124
0.7763902383255201,1.327387770539935,9.663875025797214,484.2510658531994
0.7912382649899128,1.223632479064462,13.676924389091434,416.02124916923555
0.8400579066943452,1.1990690013767384,17.223597804173668,434.78694573948655
0.8634587418265676,1.264709042599569,10.051747167098565,518.0311119617322
0.7469794598186498,0.9768004829617988,14.106631372023909,503.447669264407
0.8026012815531307,1.1738980688075316,15.567363598982066,485.593403689282
0.7672067038136131,1.2731532979635969,9.913416740559596,422.0516031151074
0.747443498389954,0.9799982619961638,10.045414905089052,511.11639515400316
0.7451089060569028,1.1449967969996797,10.078052633358089,493.2803608312039
0.8000598724083632,1.2490745293568166,12.188626438937025,391.44865163890654
0.7513028602203138,1.2837265940301248,12.28518660896579,488.720084436169
0.6418702064746153,1.3110108735688535,11.412065621310395,558.6428623197819
0.7744622458395911,1.2028268871679493,13.720755257994993,406.2102419844939
0.8436368965481971,1.1354784091144685,14.978206176452222,489.66031283674386
0.824781832331302,1.1275805821276932,11.978857662822533,464.99558041798446
0.6983328629728094,1.1448250703533809,14.276147007782873,386.59096137918124
0.8639489153779103,1.1371684811963283,13.046514686080982,392.6168075145887
0.824218913221422,1.246272803082578,14.672747915231163,517.70350516554
0.8626761845851494,1.2208918983777879,9.947671763274208,516.1882541890512
0.7347932632097025,1.1561290169664256,13.874217218082038,472.1778845917522
0.8796532691812379,1.199594657338522,9.019862053801809,436.2370797679393
0.8087030244706517,1.1649390972564777,15.224907103380092,437.61936942601426
0.7282076350028056,1.2466789465618375,10.104629566202094,534.9946169830473
0.8135047102383504,1.0596715600349937,14.558783653658036,568.4623274079128
0.6997971973481224,1.2903073508970953,13.368055160679036,458.7840148474245
0.8171664210063511,1.2491885664842128,11.013990329305711,520.5494919058889
0.7325237919490978,1.3958563370279813,15.455374432429302,390.69324766950956
0.7997299934499762,1.341985898714432,11.418011132990317,441.87957276313574
0.7798811301013591,1.316747280800566,11.184634493751503,449.50872027425197
0.8270107700934113,1.1792398287972623,10.667136948641541,382.92256988590066
0.7240871780697138,1.0820195749721435,8.95890089202577,413.65616060388476
0.8150107402629282,1.2054095368815696,10.746733837669433,399.09905223085417
0.7503305718540813,1.0612101977308996,9.928244844500512,485.7180786886154
0.7297694246562412,1.201731584864876,11.163892299699674,571.3972243388907
0.7101535983362697,1.2193300854925717,11.732498812004511,411.443481776004
0.8157606477146073,1.2155584617274517,10.262189671847523,471.3138679421306
0.8194584289334508,1.3309469723244456,11.180057573425156,523.5222219072774
0.7901591320851323,1.0023987648977388,13.446191601449055,445.9204896618325
0.755882452203182,1.2933240343850876,11.456743431473498,500.84428038501244
0.795864943619325,1.2750321735808683,13.758955522301372,473.65839577572643
0.7483978285413775,1.2919712977160327,12.443523450055425,550.1130386822899
0.8239334941647533,1.275112623402452,10.870214088959571,429.69292072012064
0.8048358997164665,1.0829523958146299,10.059445260171511,444.57086210499364
0.7961064400535298,1.2202074886828616,14.634208268008198,429.98313189261313
0.8340437854528134,1.1855364663552044,12.011976170924875,462.8534026093946
0.6966135864235209,1.2066356864507342,11.123485050918093,403.5080730386884
0.7056504291313899,1.1557108909032938,8.645127856253856,493.5061579680807
0.7880346340358477,1.0317928223875832,11.052950250538647,487.7476875996921
0.7702558266592385,1.1718782193822403,11.661633571658715,443.58619476947143
0.715011647827499,1.195454032205719,11.283814607576556,597.6889632069966
0.7893495810022918,1.1544375407759417,14.37695401400731,442.1983915247416
0.8126671095373879,1.1125884033462208,15.510456140892602,418.61626622904043
0.8187675141309686,1.3132357530882244,11.79099015169728,449.99254750675544
0.8293256683606544,1.2682681913462404,10.219804030022658,459.07416149606723
0.7527315482208634,1.1254629793915434,11.103217646831883,510.7988925036142
0.8798288667060502,1.4605452593879662,12.286899163239685,407.9296559081962
0.7515259114504916,1.3607480788984472,9.323243601689693,434.1515720758397
0.7716968477066098,1.3749995274006126,10.373311802084109,505.08316686298826
0.865667653714843,1.1833229973456905,13.330990589528973,373.0642834296227
0.7955896094086937,1.1784972944561702,7.2408347102962525,470.7688484242715
0.8177583208408087,1.0306623949798475,9.575448341381177,412.5355427315218
0.7735409108853809,1.1693634104095094,10.483751537707096,399.6071434626507
0.8153256621900401,1.1524751960937054,12.18639879324519,438.5160065526804
0.8228600155052969,1.1845725118016888,14.123078938294848,455.1499264032258
0.8444517149235198,1.324708222500512,9.479049087276877,496.09975607079866
0.8891411074200305,1.1027470872042193,12.33625858499871,432.13979529367543
0.8220416966034807,1.2519991872981044,11.06140879551897,515.627826118445
0.7571659594156195,1.186168104630103,14.447184567132455,547.6718945984737
0.77436723787598,1.278229461196761,12.84008340943109,370.87781700766675
0.7522405870427943,1.07952292324643,11.393365889591681,429.16059179230143
0.8013974396877758,1.32776939313762,13.244952360945124,582.6531328030437
0.7878286029171779,1.2789252921362002,13.228823389388687,525.328334628931
0.7810641972451889,1.2845257846458251,15.658145514298715,413.9593576858241
0.796256416919067,1.250430630616938,11.530441098904534,406.23779668223705
0.8916366497932269,1.1770349895589416,15.868186183142608,424.5787341883024
0.7896455541226972,1.2797139146307197,11.98796170697519,405.05659282817913
0.7640044408297573,1.227267235834263,11.06777196363149,454.40338767827245
0.6871357074465644,1.1441877724260092,12.039376486416593,424.3679147269262
0.7503206690916635,1.1116495420231942,12.541041781492746,524.3529762803427
0.730078682973367,1.1723739790059409,14.3540992053715,466.72289274585876
0.795312130912462,1.1549287396553478,12.42652377056761,444.9467941609794
0.6906769119225848,1.1284216768712694,8.500822160811023,514.5528263483242
0.8411324253269983,1.1211765908034548,14.009755529111269,572.4323746050809
0.7688461769470645,1.329927510690689,13.125010233482332,438.16503900644585
0.7447044725013123,1.144407494759443,11.610174967424078,334.2112184446464
0.8265230935626517,1.1678268705165806,13.318488433940507,429.03863868407456
0.9499136371729728,1.0342715364189903,10.53388109062552,485.2602721575932
0.9179233870475074,1.100758130022034,16.05842979000679,404.1485295312181
0.8646683561972427,1.2075394548905092,16.859997081041563,539.0992633690937
0.7676138664513926,1.493570146505725,10.151682277016569,434.31896537085413
0.8903951568743782,1.1265216894293832,11.11729728947714,456.53151986526234
0.8226243335749851,1.238718231019798,10.908605295622884,459.84467578879634
0.8318712704345533,1.350399059606366,13.056320976423258,387.3510280875495
0.8014208748617755,1.1379406427451904,15.038061817021141,366.22887516857
0.8279866569348839,1.093460369764769,14.944114247411495,488.5581061868316
0.8109665570965207,1.2504938711814388,11.726239842439279,483.788864623751
0.7975186658868977,1.2731204006844683,12.517152551295682,325.94042573473314
0.7743171157972126,1.351749245092277,15.305080431271577,455.22745602610144
0.7936983210946834,1.1664751861301974,13.661121808401088,478.9518862174332
0.7510454080514288,1.2661650144529184,14.865793222002901,402.25675893068774
0.7906579332978834,1.2463564840228278,13.84550593489213,428.9732449993981
0.7735661205504394,1.1536114652012004,13.170465238466404,471.4559557595237
0.7990291228061912,1.0635776044574259,10.220026376161753,481.8412016765744
0.738945589344564,1.2226357037997118,11.67840475659775,419.88857469406344
0.8013349230682699,1.367635209119142,12.977633164133731,435.2167136687157
0.726331420353205,1.251223840833126,14.673406707405109,480.3688023356562
0.8582977053619975,1.2476598177837515,9.793450381834008,447.75251195751883
0.8262433991717929,1.2721011525468342,11.413847119343338,446.83173271544393
0.8182934821141121,1.3271293016796746,14.410477603579078,482.3159160286481
0.8198111281342346,1.0974718633208242,10.198080368714454,445.4072672706667
0.8520791691537901,1.2395353423481636,13.522191870633206,374.92220439746
0.7269173121746815,1.3119883826534982,12.330723143211483,384.3156060517831
0.8441083713108475,1.2258036161340933,18.302928549015487,512.5000223665804
0.8173348662315242,1.1848890439616468,12.864591016273794,444.8673914594683
0.7280601642589226,1.2927522119720554,12.94971503498804,312.2646607434506
0.7682238387432481,1.1171258160892374,14.361780365338658,447.79724049492046
0.8743703427283246,1.040848040630154,10.24842776701977,503.35472633622305
0.7672389324341297,1.094136760837935,11.346657194677972,412.00878639107054
0.8269663923645937,1.3118167611156841,9.226161537737308,435.4611752903267
0.8007121939871356,1.208219363457394,14.066511139322438,455.99235530737786
0.7710098321506632,1.0888106479059436,8.750581457279319,431.44440387807305
0.8007204937482113,1.2921724881088978,11.64446177691873,566.1852137127946
0.7961760206970036,1.1516656240592438,13.161190523763242,401.472052268008
0.8104454020670473,0.9935903145015056,13.752188151822264,453.33393279631053
0.8105285391272574,1.2154808757999995,9.852487861813074,405.068930309056
0.8783212456544389,1.2494597580478903,11.205473439556766,471.05402772839244
0.8203855450351165,1.3954484463355732,14.620701771733945,470.5584346988811
0.7775407378951775,1.378368991513664,12.196902695777261,406.47440388491185
0.7389876757039859,1.1137603461951906,11.67182951166591,488.2700741558159
0.8456592711879474,1.3151069783685403,12.705953389970386,491.57462650209567
0.912965778791844,1.2910289420520675,15.605765149072566,374.4680724454162
0.7629100524676737,1.1248885044321784,7.0459315138437075,453.68391363407824
0.8696224496405904,1.1464683121123336,12.790884461767883,407.29729016151543
0.7754136177568234,1.2285309842518268,10.008448456240327,508.7016515547158
0.7040620403416415,1.2322234088086301,11.417036454593745,524.4572372522877
0.8380922545964703,0.9915840858678032,7.555206786035607,399.9321794706474
0.7748886811192117,1.18109930593408,12.460490816728536,483.6798009057086
0.7317004643461282,1.0199453347697904,12.90492292601002,431.95094943907804
0.7948313333838687,1.1358170153557396,12.05358247159059,524.3253451809844
0.718836485243342,1.077446955160041,13.683203205037106,528.3703883299768
0.7897175546337969,1.0737284142501842,8.39776010958466,463.0271223371884
0.7375322889324121,1.4175578925637917,17.08320707181054,461.3150646606879
0.8242730850798543,1.1882087257548783,14.683591322488855,449.84647611359327
0.8031678376302157,1.3360403262304348,13.652365039522538,556.5490641958538
0.7181585222046366,1.1444417581920936,10.59218796978425,492.088958466292
0.7753204823648556,1.260233198778878,10.062024091753397,445.28294531494157
0.914849771987657,1.363836822145926,8.642936132158503,468.229323212346
0.8413176460457062,1.1506592594272738,10.195239390666309,483.0993902241128
0.805041271503427,1.255254086859573,12.083897129684907,566.5582591243422
0.7543079459505094,1.150400126264795,13.429770913408177,486.5870881829061
0.7310643184614706,1.3297312713770175,9.483763110361904,450.3199800023077
0.7846486684714319,1.1292375189058204,14.666500859241175,332.6473607863478
0.7634608593847162,1.1097236149056413,14.149794813626665,527.5210658006789
0.8387734386772405,1.3395285022176169,7.950891564575091,458.18000585119614
0.7308483301916022,1.1625034612376528,12.889343297277724,454.7312300661412
0.868787689838727,1.0021364659670875,10.728527100465177,375.96850073158646
0.7180604601461682,1.3005779438135623,12.764837676094434,527.8306892221783
0.8592603168831651,1.2068150246935287,10.460767237814833,499.5895896550572
0.765419846720276,1.0800576184573742,10.099179780678256,456.0928556233702
0.8632764923225621,1.2052608816978274,14.84885706458171,454.567103375795
0.7786775616570382,1.4721173739044833,16.04208905983146,459.84534898857356
0.7583902635727898,1.0390970548307177,13.202715261948796,437.2244136145422
0.8233500405919093,1.2323041221038948,13.272552362884625,507.11138072087886
0.8157109937694834,1.1276555967154087,10.858902880029676,479.15634325176967
0.7464086522814212,1.2718342195571277,13.828386821437327,447.8058255421885
0.7609288361682097,1.0223661269484579,10.152070075373853,368.7035004215012
0.8013335546168472,1.1557712462841134,10.558676925939496,493.6302735454137
0.8064663942726781,1.2047586928565515,13.51623356096456,501.8226223070112
0.7198588006242617,1.270667984655744,8.782126401390908,410.2808229481309
0.8506072789283056,1.26912224994756,13.72948179198463,459.1042452805386
0.8706488278133007,1.0459199215468964,11.789689373370196,452.36745258008983
0.9017642579069103,1.3026549906175267,14.476855325363726,411.9327242441468
0.9124830777023304,1.2471808359335446,10.38815114175846,567.2679648543499
0.7286545895638719,1.113130024791277,11.931997848501968,400.97901311088583
0.8263605598141938,1.2276762685967313,12.627016633604654,544.6903415845219
0.7183015416314891,1.3366385768266993,10.750696340849757,523.1081951492907
0.8952606996593196,1.4301553038757298,12.01897143355924,391.83702654016093
0.8163963049041962,1.1946631431671555,8.87430122921067,486.7772494232032
0.7538661015299879,1.3442008824241392,14.33032719267965,435.9331303978324
0.8018082180984741,1.1757432760742172,11.485213396584257,604.9155328495688
0.7531901559376011,1.2055337588502728,14.382943140993637,430.7830467747737
0.7685728606067487,1.0670898952589885,14.784070665501751,485.6001497467852
0.8234966806946848,1.0491204124705462,13.407165677357607,464.2652203606256
0.7830968112052474,1.062325920402602,12.286634783480062,406.45789643097606
0.8040017387780831,1.206334006332976,11.723683472377814,494.1011731617941
0.7966974721920684,1.2529086956093582,13.23680466354251,500.4086573261869
0.7517970152138265,1.1654695153535317,14.24398901527686,457.67664178375946
0.8562902626410634,1.2745242795866674,11.51063984525937,494.02554701384855
0.7871257131104864,1.295660449523682,16.107528859628808,504.5797253455727
0.9144750458732294,1.0448418064890928,11.30325031921522,436.6827706187313
0.7799854729283553,1.2372448039527137,11.663782914239606,505.3053712382517
0.8492380242454729,1.2413473411109586,10.375573424814155,477.3686889562881
0.8337145007829476,1.235388543026848,12.460014183617925,520.0167436517158
0.7725809609650894,1.1633302528117206,13.73411172232248,476.53956490375356
0.8426298762650823,1.1715989222484346,9.77058784619828,388.12089312326214
0.778366364245459,1.2792425165882357,13.984528366315704,359.20443876130884
0.8266947885917181,1.1912773429601586,10.31578825917838,559.5387515695321
0.8131978943177678,1.2827415225655427,17.535050871875118,420.94402980597596
0.7801604903354661,1.3489015659129011,9.784658050639395,453.6982848145675
0.8023107543382054,1.2970181037680435,13.210781785622487,404.3410066161793
0.8486123163206605,1.2845149412435666,10.297991807575137,415.6098402903759
0.7737096251596098,1.085065992192756,14.529333605570091,433.80786043781006
0.7861084908075104,1.0962244268969221,11.610922287882659,524.2475814886913
0.8374144128518195,1.0382602792068443,10.420585428095146,481.78005076466167
0.7750938948760066,1.1446760440808357,10.6790156933631,383.44654355007697
0.8047644686432969,1.1619728091505441,14.68075574053272,446.66460299325956
0.7517414430986984,1.2693805501096278,15.092294632236047,413.2131542850782
0.7148712047810882,1.1521033952010795,9.700180373020633,532.0808886546001
0.7306127719706208,1.167230514189022,15.347043300902435,493.56062639106193
0.7743169329694425,1.1216935954823393,12.037006861533062,437.99223987255345
0.8748199276938539,1.1845334645681052,9.700060333849311,499.2886493305638
0.8518266446090402,1.1773203971794257,13.944250068981827,452.56232821933224
0.73966008346082,1.1918925361473054,10.110644087075794,418.29224623351666
0.7530551126020969,1.2332844873173454,12.77296740176213,384.0160321050773
0.7540072488809334,1.1997307951753509,13.32873584793282,453.6120578719229
0.6896602738314805,1.3286904951311633,15.944623378672977,529.1896343226565
0.8272051974958812,1.2671985886341701,11.091615322337377,459.4289334179515
0.7434685474349702,1.2121760346713228,9.540614161613227,479.2600884339289
0.7822722014601237,1.2767068847749956,12.765147518893851,427.0220326890254
0.8421662986858721,1.0826595299324844,11.870295202992338,423.1227870522698
0.8371986210558854,1.192448473430503,12.940037492371207,476.2735512942198
0.6826942261442271,1.1073681847284276,12.631859920634263,500.62379497854226
0.8286293880767711,1.3310766168059873,11.95675225597861,455.0340226492841
0.7750100500197992,1.1564327746370073,10.739126296429655,422.83597032840214
0.7904765889220979,1.1348445940400318,12.453149793668977,359.0682943377568
0.8213966899943985,1.2177456841210523,13.292457570111461,426.8251533250067
0.7745890145863195,1.2982360937850348,12.090992542622363,549.327469177112
0.7296941155126162,1.1752635174269481,10.14525285287403,410.6627708744671
0.7605004192726506,1.151926772221039,13.965684221775629,392.80529759745366
0.8305005870829669,1.0559112244949787,11.588948656452352,515.9904684325227
0.8231021394581668,1.227228033549217,13.660211856245866,478.7987507418993
0.831400282165124,1.3403663036001159,10.323091275159758,446.4630382624821
0.8318634436899188,1.274964228529805,13.516115821313978,515.3268289710327
0.7749502377270089,1.0650279805111291,14.94477383650526,449.9598479258072
0.7725656799797335,1.203575959879501,11.535447582086524,500.31039878931597
0.8445083279323592,1.2311732846821488,13.481739176934449,451.6303812620166
0.8513254477622555,0.963668041069812,10.06360975754424,448.00347343665356
0.7793261305785367,1.1049484450821423,13.639937118245197,401.0808158695121
0.8108680634896515,1.212428970989643,12.515393932029147,408.5407601184652
0.7903417208425882,1.3226936940944694,13.487046689475681,498.1419356989666
0.7959959009073111,1.0297716898689706,11.467063649235664,442.4661029886704
0.8650754081065603,1.3135953873192834,13.249690308880268,407.17361744498055
0.8064223607419676,1.1738268507138647,11.912983485849121,388.32389496857087
0.8231952326396657,1.197015723882633,14.008763638222698,376.9186816053549
0.7436509128645171,1.5646272359110587,10.639899742386676,464.3791390581591
0.8218877557820375,1.1017814461977944,15.855214213659087,446.718994249888
0.8074740020335514,1.3818386334980022,10.817958153434487,425.61795111031677
0.782724360073433,1.0627353581344126,12.951678936968014,473.65269588027627
0.8091659979546755,1.2655830351802266,14.131308154747895,466.93514037553956
0.7879279456619843,1.3220416644823507,11.006672257689553,519.8178771526025
0.79035218137812,1.2764802767014833,16.053103954046776,336.76011851282414
0.7903869810553174,1.1596051638481593,15.814773048411665,429.6588798244336
0.9364509750928488,1.047209709639376,13.099011095898652,430.68490652051554
0.825254516670319,1.1434856304130578,11.497936213802511,358.85859812918636
0.805408683570673,1.0502077982714952,9.780662098085969,454.3435038648654
0.7939325420183497,1.302708993322637,9.693740798395975,471.0506014291474
0.8161250071819605,1.1697628818147394,10.792729092378668,446.04537947685174
0.8441992952916288,1.1626244257222336,14.094590031858514,436.30959158273276
0.886239778391091,1.202680350077385,12.0489152421323,369.4586023373855
0.7286424104803969,1.2381290263274063,11.94510032864723,464.06383041378945
0.7657679050987319,1.1849561817280558,11.152610398965756,464.75993062053925
0.7890917958404767,1.3864651597657007,11.023845685836692,505.940488007053
0.7472753520494276,1.1534667822629592,10.716912259382,512.9818615931424
0.8218494713193548,1.2137173167099018,12.868909923896592,395.7815824167602
0.8701456501581384,1.3389528882391317,12.331400449482759,450.6630338053434
0.832456777543781,1.1824745703420083,11.999646987823585,425.359776502873
0.7827054635482337,1.1523939871066111,13.859705936236459,433.5851608650654
0.7785817739986202,1.1373177594122694,9.401006582888083,528.0090868546339
0.8254298020022389,1.2866500759605792,11.340204998733647,522.8600288350458
0.8072601402719121,1.345263648836993,12.373253048983775,447.76676330895714
0.773602273775075,1.207748692204363,12.849968194321104,524.6348235967235
0.8769856458324152,1.2089946842046266,14.838076858044133,314.1174320909148
0.7764853790939351,1.22497114029648,14.174243277458862,471.1550457663917
0.797197341547362,1.1538502359919238,10.800468603610705,545.0980211409461
0.8561112890068832,1.3307777147188975,12.421211648049454,423.27653296291027
0.8277347089947774,1.1975378551046778,12.143844745831187,448.75718568152064
0.768352436652006,1.1128584605428227,11.91519087896729,380.7289158735998
0.8299124883301298,1.283855075480801,10.860922030848188,358.6285031755297
0.8196789763652574,1.2238432458887631,12.441014074526386,383.278595464287
0.7041129769277794,1.371155936398496,11.9671840789464,475.21995753996845
0.7964625108646833,1.2413540105228256,9.84346804660287,427.7145286633154
0.7322318455643009,1.09128470973933,10.981960119272896,359.6725254193058
0.7769400340293943,1.1289111107365208,10.027570201305137,443.35804484048504
0.7994329658257159,1.116302648386133,16.423942978712667,485.91037068414624
0.8560828286959759,1.1671616678969567,14.187198846121099,488.2787569683162
0.749074648960014,1.1317790068246696,18.230444631721706,429.4391159323203
0.8243430600157404,1.1785398379912402,14.062794362801998,400.2707343922022
0.7497353801826919,1.3134340610239355,12.797064859875539,326.11895617803714
0.8011707175295111,1.181803229340446,13.82133646775825,466.05270532394064
0.8171098358132945,1.2087464491514963,12.980937506317867,392.36882271354716
0.7592550139350988,1.1147689566615189,9.717680917766184,489.4126944053974
0.8538791964162473,1.2613995411968149,11.197536182104535,423.14359486068577
0.7780062704842634,1.3112898253223495,13.453255665319018,536.9455128393898
0.7515211171436694,1.1774363965612138,9.878640210373206,379.1379109462033
0.7922370080568372,1.1664294011278888,11.374366028512709,373.26381089178733
0.8098384895837647,1.1716130358005676,14.22973101833667,477.52512605615686
0.7344129148640315,1.2395691875906696,11.202263536344695,526.6252853234022
0.798520579705516,1.1496486567887148,11.586917671508889,374.9551405956193
0.863722835217585,1.411935485903263,8.94040622142447,437.41035182724113
0.7944797666330788,1.1405723011112028,14.835073169279314,512.3719552538204
0.7877328211845739,1.4071282198645538,12.46554160579874,437.9047930438112
0.8139901809760253,1.1253967100991036,15.306265902466407,480.83181245096415
0.7822527007869035,1.1814481294551165,10.584455719374171,463.12546737403056
0.735318102300715,1.2003169944639414,11.36558917083969,478.3527922595391
0.8521284143795732,1.2786938092096076,12.154858847096074,414.51881080738616
0.7850168939909618,1.1983367169223198,13.37583743933863,421.59126347809286
0.7516360370119087,1.2173426673956633,15.117604414988753,543.6162301343286
0.8396599890999338,1.1009736099374912,15.21718614158511,407.7169897942161
0.7614714028396825,1.24276107103152,9.639349445534657,490.0840092928504
0.7973185389799561,1.239912286959972,10.753141699026886,492.3213679113044
0.82565618078976,1.1636671600807513,14.290562558776253,316.9856962426685
0.8181155755832421,1.1892462333329024,10.810002248613932,458.86047163675215
0.8249900387048921,1.1263037616636935,12.160946989956102,447.92900454392725
0.8196445791925231,1.322677461705149,11.472100195106425,515.8458936689843
0.7347889024797197,1.2300777097178566,8.96078258479719,453.58885083141536
0.836112713811414,1.4022969253473467,12.498713396767506,412.5842581559198
0.851324798467124,1.2041157236822286,12.59667572026642,495.85089017549706
0.854637507099073,1.0267870938794559,12.503099977824832,449.1802144143604
0.7465215008488835,1.0376100296922677,12.266307617820853,426.81339147814924
0.7637650953827504,1.1862631697413342,11.69795163239775,450.8797712633235
0.878839551081903,1.1969871001437693,16.160740542788233,512.2049334674631
0.8483791485388387,1.127149568286338,11.81312972430171,404.01376686031296
0.820793745631545,1.193293882804159,13.283396285405653,465.1262238270708
0.8083923483826372,1.1643091059790367,10.45401679191461,427.9157393296537
0.8358308101464494,1.1836117522643628,12.279950331519315,493.3905499872119
0.8243788164565704,1.0525192159330563,12.23917409981334,406.4352702404901
0.7972908420878319,1.2390271146738598,13.418829677304409,533.1892298138393
0.7749591557291142,1.1705056436294001,13.548055985228393,498.0993026979611
0.7484287914453281,1.268671714686287,13.730957909881333,442.48216727165817
0.7859449062147773,1.2732647845124991,13.254340110505764,470.0351496317153
0.7634103458161416,1.0277696752217151,12.211993587863772,436.4450558310328
0.8229074101606765,1.123548702783283,13.66939400228724,470.48045399481134
0.7629935383394216,1.2945028944177905,11.714167017807958,415.17654139622704
0.812543356345715,1.1985287239168014,10.58989322964338,481.0069622719414
0.7995422644061027,1.1241786716450903,8.892068301962333,471.3208689479878
0.8049511901193577,1.2119382791340791,15.153648951795557,325.46925838881793
0.8634603657672397,1.3363798961175355,10.43984820669331,500.73373634425786
0.7594019944973908,1.0957494190881636,12.197208905733412,541.3825638760665
0.81808337085811,1.2049851407405625,14.171356576400612,418.87511498149155
0.8748757282939069,1.35706205956302,13.258420757750752,410.5866303014162
0.8536007737692379,1.229469203327758,13.687328569072989,506.82835043438627
0.8218217384044143,1.1097462466899823,15.3806425089306,463.9636441683992
0.8162078728862971,1.2615095032386485,13.023465980044264,487.3974164144654
0.8098729337937309,1.1822410537889432,11.299633831513315,424.43373316814666
0.7855916149384146,1.2989438997165978,11.72621398513162,444.446145488519
0.7949468930320797,1.2533867646156784,13.697962066725504,548.7222851638672
0.73034683334203,1.1772050363781716,13.54604545969843,365.7439014457607
0.8870670236119735,1.1883891601718286,10.812004130115014,498.5377324296861
0.6900996195897896,1.2212239764034094,10.417002217049243,449.25447207531965
0.8187028911031794,1.2792532116965607,13.222655544978295,554.3194600784366
0.8030988579814916,1.16580723752501,14.852236751060067,446.7348136744459
0.8209107190355441,0.8062725407051532,13.306486318764689,446.2616115052824
0.7782549603496732,1.1343653836048964,14.206302742767777,347.91658644835576
0.9574582131529665,1.3154120741644595,13.139604990950279,545.0187069032794
0.8137327763666455,1.1105031523957818,14.4541613403784,368.19813560769416
0.8300032715922516,1.3198100965270796,13.46993172552383,377.4397407678952
0.8102559083999976,1.187691234033471,10.915577844434132,334.40106278789074
0.7407250432694852,1.1499266150466665,14.651106957188885,587.6577455193344
0.842839477427462,1.1211741067088576,11.557924959589956,504.1093498683916
0.8306895291375105,1.2390917126374994,12.876184651067089,509.9646003859512
0.9117972429007002,1.200960240122314,12.717559553510005,475.2209647978818
0.776892139664912,0.9807371983928068,13.3874613396044,413.3210459932032
0.8658301556553005,1.2182427780133103,15.394848447125343,407.1220558102374
0.8565595405198209,1.036836897202865,14.27533166319768,438.1377047660205
0.8468715811285553,1.1641886378705033,13.76492986064247,475.13171166758224
0.8191577513484276,1.244267898505243,15.760871790985144,421.9350757213589
0.8701706081560431,1.1645881615896183,14.81389879604081,566.9860074240261
0.7600839078100088,0.9843967190995606,12.727451534461485,415.41552324400897
0.7736759647766263,1.1670736471543177,11.332423005569439,521.5501869869801
0.856269596215548,1.3159102568442909,17.024270156968562,411.4614253962524
0.6751609271662447,1.4023548912555082,12.900945835745517,447.21582670529193
0.7098542617942496,1.0648304418623356,13.783805990767885,442.8428714082197
0.6923564811571895,1.1059519586802733,14.498263298547982,513.9335755676726
0.8107078573401204,1.483399697723724,14.453449708027401,540.5132555107004
0.8666646823994962,1.2831238307857868,9.721596570369512,369.98202395415524
0.7629325174074778,1.2258357129485284,12.402161932250685,468.73522234021675
0.7990001050936483,1.2477761404446013,14.375097589379017,450.3974846283795
0.7856007492567755,0.9378706244108267,14.144433545801085,411.33315620372645
0.7545428674813065,1.2867687380584998,14.236884318665476,483.9982895647309
0.8476503710663449,1.0905939145823116,11.941604998425568,422.49953043462375
0.8864922929383208,1.286380345638918,11.912116915230337,492.07277151896596
0.8187352285078082,1.188256297939649,13.333762391023846,492.5292538675189
0.7928924098667364,1.0749510729870415,13.10916521779111,436.7970000291453
0.7427324400204917,1.1231777053079803,11.90108365821446,451.35824195438914
0.8280844176548344,1.1787522746779233,13.29981412597583,431.33140997871465
0.8272829906761449,1.2403071982805454,13.53834152574435,521.8572958409578
0.7858582193307747,1.0406739784452386,12.244254779532202,490.47157123345727
0.8012469551964414,1.2318115213016092,8.954684120518678,408.29284572394755
0.8269358609556661,1.2777785330851887,10.899146673216322,468.3505466197803
0.7644496704722128,1.084755519766246,12.542017409448219,460.8516200127048
0.8198194439723689,1.2730045009526731,15.75422960088098,497.43748763950344
0.7819575657867697,1.293968881580071,9.464964938357198,455.0346214065574
0.8526739222068416,1.2679161941520498,14.056481644122705,545.501968816837
0.762962879934739,1.2794777168213518,12.21332473315311,505.7333342941481
0.8058809733519402,1.2782081377801202,15.493539016239515,481.545774730172
0.7895092080074022,1.1632323001216296,11.011927405339707,501.90571178994924
0.8656157978965678,1.175568650811829,8.78126418037412,418.3242923997848
0.8216994115053882,1.105321748126714,8.483009340883392,427.7786588247384
0.6979905561658701,1.2325442197589356,11.597851035540574,453.013360149858
0.8648328328112602,1.109206423593795,8.104193784382446,448.58187974958594
0.8234481471740202,1.057045657656213,11.663083274150964,432.6401393383505
0.8013909895752682,1.1384504623229357,17.72692599020923,436.8776672474813
0.8093262032444,1.1515248258031137,7.113787385065913,519.0451876150036
0.6421600142724169,1.335681852859784,9.757145467415524,382.0539180636622
0.7945550327233043,1.4195903001228702,13.039205634775438,440.4370744044827
0.7616133696655291,1.2650723123334486,11.659819845394749,485.6901924886729
0.7018261544060806,1.2528441941740456,13.035983215716751,381.98880868781254
0.7483682625367613,1.185262380101089,11.426981512695416,464.5013095436275
0.7282660712946504,1.1115435792612107,16.628011846263895,407.8811606427942
0.7786946422872892,1.1822923969895578,11.843022272221003,510.34497094178397
0.7713914020030287,1.2854929287129588,10.6890952912496,488.65392458781605
0.7892961016474057,1.18252381136955,12.222762038035897,477.51237376174885
0.7403268681775386,1.1029549340537175,16.4744518050465,475.32458428476303
0.7819559189299836,1.2642088772051399,12.279725347727158,337.4297434464886
0.8080664996801532,1.1878125527181118,13.098269087592975,411.2636314739269
0.788977434622811,1.314212533699083,12.098310912809398,428.55183469708805
0.8182526727012915,1.1605833457230144,14.53572018655283,441.2747329443527
0.8181685462408759,1.1295873165885557,9.904404631404834,485.96540217014297
0.8130996728792551,1.263743819733036,13.87336297085829,376.53693775366145
0.8059892708921559,0.9994181603863925,13.43872079640259,395.718556625505
0.8233653270309061,1.2725954512993898,11.321068269718749,448.8476486753089
0.8611158083707843,1.034610230042543,13.687266915170918,455.91883147289775
0.8474072677251104,1.0348108841585895,12.407073026298226,505.2098213505469
0.8679582148607036,1.123074577049489,11.840927627027337,542.0706199183628
0.72900933571912,1.1954252043647329,12.754849966850294,458.7464777012674
0.7532876879148991,1.296447029826012,14.17706661334208,540.8069438682561
0.7603516062258393,1.1518305955116956,14.593187071740335,540.7664324743413
0.7995012921618243,1.0471973721494205,11.96783855560123,498.23570379294495
0.833905076568678,1.3112945971850474,16.249852671487865,428.43407935279737
0.7547780653656738,1.079729216689603,12.154435537970295,500.95390526811923
0.8863590928009009,1.221877109646986,12.429464348101488,443.355720099017
0.8613193771750988,1.123799326203171,12.190142478397876,446.1304228771089
0.7986419637493267,1.3808217785899672,10.616056329570462,572.7636310700341
0.7672348131770991,1.117951140715298,11.078260267997765,482.43644155210995
0.7992959336836017,1.3121221029352939,10.75266993858264,366.3391718038702
0.7814532832426939,1.2279773780088934,9.460490977118361,444.67439693668354
0.8267790687596626,1.1193342322503388,10.75203884708073,395.24126202737546
0.7928273414055602,1.2456326492244278,17.89511130137152,508.2606122389906
0.7369146972780575,1.046320253560288,12.179441245334608,528.5993751864676
0.8328568797096153,1.1472677439064374,14.40327987764051,518.8675974322588
0.8730870209136912,1.093358559020444,13.274839112576663,385.941196776241
0.75972685985014,1.0721396360945064,11.876094863547806,378.1994764530501
0.8387462350282112,1.1987676018418183,10.671075915510622,474.27189768913763
0.8765373168782291,1.234538526855381,11.23267952304349,435.80728010961593
0.7947940168891492,1.1298465621545841,8.976541997242313,431.07508708187385
0.8621360435015208,1.1172759789845654,8.539329056657463,445.5609057061048
0.855140359407196,1.027757145596851,12.780073924103533,470.57228353315423
0.8268428185501431,1.2557095225578518,13.61627636765511,370.8029640178097
0.8308029303579867,1.3377513511521197,11.956692126987361,468.5709874793061
0.7492791986511671,1.3302979869006593,11.16323839410703,532.4741861224983
0.7810028746959593,1.267776536949689,11.333163147701457,543.8876426111398
0.7013932729947792,1.2369318477535955,8.241106108153682,389.76118370103984
0.8945996735770266,1.2908021152450924,8.378918051507378,449.6984750089252
0.7690165539658879,1.2569796436630774,16.10081458502835,482.6947011156054
0.8217326284185481,1.2508041200992417,10.214980120235548,485.05674273327656
0.8460547939408593,1.1387643784882617,11.11503260441403,522.499022844578
0.8104561585062982,1.086268203384235,11.551829836293635,427.1240852746541
0.7967743163640264,1.1927286342155123,11.901447221029398,533.6968160405906
0.8416140388821088,1.348298999358845,9.010695046053172,455.5570074245393
0.858738838662918,1.2725412014562467,11.041304311535002,412.20180346225607
0.8480009410777042,1.1787485745679926,13.696603497912594,457.83072615305696
0.7941180511884115,1.2120479681196372,10.740795717751244,535.059150285499
0.8274089938368151,1.3399337646063545,11.341606167176149,422.97321285806754
0.7840378098682776,1.1138409004637366,13.756306548535518,485.6253353408893
0.7743433019666626,1.168033567377664,13.153204474939008,412.37052988513585
0.7795335917160862,1.3560487524667728,10.906847383906486,424.15888490467535
0.9252365066552265,0.9873628004304943,10.031250847443463,539.8651189365811
0.7795226025920573,1.2499829946817824,16.6393142835296,414.14815478958644
0.7704246756131116,1.24107863995127,12.248354054427185,423.7536272073523
0.7933338134002601,1.0671872289568056,13.33144748410353,491.72471369849535
0.7919274358823835,1.177618726000024,13.497566687421862,423.0881683322164
0.7845934682761013,1.193166630887772,15.344023173189203,447.53897833327943
0.7943136158491626,1.183585222798155,11.632410990096597,401.75406284931705
0.754044334777749,1.2860351184710022,11.261789972298885,454.6175718794233
0.7761865310774508,1.0672085976393983,11.470495844082677,519.8469845507951
0.7792709149706746,1.1323626656209536,11.54424509777155,433.26821418935026
0.8114254713184879,1.1588350970763617,12.204805165391155,425.45415539216634
0.817875049298952,1.2311258881218679,12.82336851486961,481.65637539519145
0.7950375276431566,1.321294675386999,13.332384764458586,524.3917701566941
0.7960144302301361,1.2272125626223687,11.035637965183964,450.7813707290282
0.8409013908717989,1.1634502702291194,15.38435151624347,451.283648134643
0.8791588226574384,1.0951196856200132,11.846275974692249,425.18199550553715
0.8505315811997448,1.2642102979946879,12.247171529972956,427.21010727613583
0.798658135169643,1.2724586290137,14.07148153570714,447.01913465234566
0.777646101900028,1.2102067326195725,12.658543185749036,462.6269482584675
0.7773252619878589,1.3740472172626215,11.142413772955322,525.6235522137099
0.8696831814621973,1.2947113243301724,16.14812695975043,477.79185380579685
0.7841657004001913,1.1476928378892233,11.057846392420416,491.86726301757204
0.7259698718543347,1.0577644402041289,15.464953093950678,500.6440647798157
0.8207165445271728,1.2923349638891173,13.94858610255452,440.65652059231877
0.7265681492088178,1.3283089928485337,13.292391131831488,381.189152681899
0.8071148136328369,1.153127845042655,12.169278735848888,433.6014639064161
0.8275604304964503,1.1791584955825212,10.09009277129184,483.6504738028697
0.8242900306302242,1.0574220015715652,13.218259870998043,494.38131704232774
0.7923750726995467,1.2187678802173318,10.871340322089452,362.4964008899066
0.8260915347041938,1.1912114086668262,13.259205300821627,438.26104880102673
0.7869821780688808,1.2162295171539717,12.273357674829331,493.3139576249209
0.7788055319178271,1.0555602603043714,12.688226011367394,384.83983591297505
0.6733012694527768,1.0903220158461282,11.522822992661064,410.2027620262844
0.7231665483704146,1.1775354650114258,14.832931714941168,491.47088238515107
0.8004117979072818,1.2921120012445984,11.519213326561939,405.9001551203761
0.8339229946419148,1.091642203481941,13.068022786710054,448.7164227935375
0.7818626319884093,1.154194029134476,14.674437835142596,370.53178772645833
0.8134498703165136,1.1711430888812764,10.917157661454825,451.9471808146694
0.8157901656188343,1.1940055531021796,12.890075579023557,520.7420303054654
0.7699551606827912,1.2417949688897678,8.92280483057133,472.847706653713
0.7066529790583813,1.2631361932179574,11.449650440748828,458.2065304025248
0.7272257786344766,1.2024023118904925,14.048026041990365,480.9923804237347
0.7991374960373221,1.1993527401679251,14.69087519967042,486.7995159855035
0.7687618988202998,1.14201701455433,11.040267486762852,448.21754210562324
0.7419665717437882,0.9841628179425704,11.963385528595353,462.64409957897476
0.8093212631481421,1.3084990256132076,9.814992787992743,424.34220183435707
0.7278787024599771,1.2245829702068536,12.190834150088149,425.9587959472616
0.8020720998650613,1.1293112408035662,10.355942290441442,529.0253933684306
0.8405172714905309,1.1815836416247132,9.317114093444761,439.2852947529529
0.8287125585347126,1.216988423225675,14.41828625741505,511.34391361686227
0.7957725856365349,1.1531915850143166,11.411213561184963,429.3262903007512
0.8452274817947694,1.1575851551366934,9.038442946265757,473.24831361981956
0.7950533923984885,1.1532811001032277,8.47298441886289,508.50262551165054
0.8348175290433496,1.0863117848816743,12.703547186520417,395.81341221850664
0.7319698485280867,0.9901295534524909,13.958668431534868,493.9958120002663
0.7845080015095754,1.1940159425852201,15.90986963578447,412.23021786164
0.740762357444491,1.2127544161185368,13.498998800917741,435.1557604912417
0.7286957328293848,1.1232787672834919,13.770011453807362,485.7376390605399
0.7164655131655968,1.077739363487044,10.429698832322558,448.72765910684427
0.9103409146869426,1.1714178347153044,12.524210085755072,410.14273832354127
0.929265746031829,1.1398077442807828,11.376503340662891,457.8109181826453
0.7337817833445641,1.2808764463089384,12.383340067496377,407.86398277260304
0.7702095903213626,1.0105964166294115,11.288890312518241,336.26880973117784
0.7774768139319992,1.1504426110250545,11.222039239459653,420.8574290035953
0.7579010481932434,1.323403188012769,15.278462952272836,441.5219824489857
0.8571836367062136,1.169350082119554,11.795134784792502,408.56101224024616
0.8348733665470316,1.2618063573150577,9.81905622044762,457.9989050188577
0.7741487795396393,1.1098078616113936,12.34860578022764,354.0580292248155
0.7783030147399735,1.388951601231143,13.271346656162766,393.22116339687136
0.8276685420912124,1.2088615547727513,11.75837770687576,420.7116333286903
0.8000344333091092,1.1407602607732992,12.053603891520115,486.9750983297407
0.8407857153363241,1.0703536516565573,11.463220135020283,530.3455014823625
0.8898272088894745,1.236976770660302,15.619148170835892,510.40931245740563
0.7934005703274756,1.000370517643907,12.277658016582542,385.890663544472
0.8068187352666047,1.374619640930471,12.89740976464405,410.74169327717624
0.741533307132939,1.00370469142715,8.587952379829476,531.3383292031398
0.8427978925011087,1.186896163744904,12.094064215497431,447.4015081766838
0.7994134485039306,1.3392116703163364,13.180246995073974,350.8780682144289
0.8530332182510739,1.0070184278315113,11.587612762374857,380.6969098404418
0.8020179398058868,1.0742860779287695,9.644422163964375,397.6734578510222
0.8406905940407151,1.1814274853063085,13.734378583148489,518.014966396209
0.811917195871119,1.2570102798343858,10.461027678123617,445.7719483418891
0.7425577873395168,1.255382002810849,14.212440512837468,498.2917657332914
0.7985884132030427,1.2895454507298991,12.109336599389522,421.926161371562
0.8251027581569915,1.2725958645203508,16.8073238893369,486.4565555104664
0.7449531731176353,1.1021885500927595,9.796584160248065,453.86867871013015
0.745015758682646,1.336232824127138,11.816984630561123,482.0877154990173
0.8075847005997042,1.234382056401472,10.326981279475886,448.3255704573318
0.778631609954537,1.189871504623739,12.649377779610395,484.07367313973174
0.7767221385395823,1.282360514141581,13.058467391534219,531.9382856300529
0.634370212635424,1.1357320388809078,14.917153242409864,323.9376377896707
0.8742318003919065,1.20822068816966,8.315540703005754,486.27953828842016
0.7473713214456175,1.1087189986749872,15.329292266184094,430.6550920983973
0.7520322779577651,1.4007961120492929,14.25814992858519,433.2715562593915
0.7605258850103034,1.1796040130058916,15.55458436937732,400.87468478527467
0.736306090378731,1.327455003169745,11.835755676259485,455.02282512487506
0.8262439261532197,1.160992607595429,7.551837027173268,439.3915581002072
0.86205230735159,1.4172447965420012,12.164261184000356,448.56649323654693
0.8682732837427627,1.2595701971942825,12.990833032087945,351.0434166906232
0.7791824813921907,1.2214752727367748,9.371915284117868,431.6975939041607
0.8854257306875148,1.1742850032163088,9.531278631383458,355.6449294232774
0.7994356219031096,1.1422276607592479,10.662966184476833,461.3754784580892
0.8142402577602561,1.2174580267542625,13.100980360703712,388.55025461562127
0.7679749048409729,1.1673839094339842,12.292353669558148,499.47867243879335
0.7635903783493672,1.1222429399625153,15.374768386057891,457.9225031754328
0.730097947901233,1.1689028060275866,9.927621464381422,393.15179752845086
0.7332868768492814,1.1204023769916125,16.519433909550504,500.52403437170517
0.8690835307246402,1.3087611029579422,12.130238149754991,470.17190955996887
0.8051409952657345,1.093192567478436,10.07513674740516,495.0175098853681
0.7390802848887188,1.2200926956905416,13.704204583932356,487.6368239838867
0.8184632448125179,1.0799272648799776,13.480794528427829,443.08676998656375
0.7511224385959168,1.0011246190985825,13.302415398140129,372.3778162585807
0.7146335848718257,1.374791658598443,9.99725655336446,429.0011033525901
0.8035896913529477,1.2070219007262122,10.361384433783154,414.5837255570566
0.8402826739809445,1.1721215558513276,12.353706160615397,341.8698683008689
0.771315149333422,1.2857412278841172,10.941594610377928,402.4234931554261
0.8187451737600774,1.25986581314532,13.067480496120872,421.68171302012826
0.8374812711020827,1.3628969297860323,14.739930781996001,371.83335044877407
0.9464747484170734,1.067439757640719,9.948168691694697,465.21973496030176
0.7952819900297449,1.2361350349749298,15.023284218257201,496.5256232102349
0.7553260940894426,1.2072067291017257,14.422416403485038,502.6455956125707
0.8562226945552404,1.2817450047646506,13.815804233263993,424.3242242573625
0.734091113369584,1.2422394607756895,11.491943111322092,512.2257053177601
0.7563720056484856,1.1618811120838444,11.543802137131058,498.3487065382809
0.8375722522250788,1.20228205933418,12.984036860070487,530.738146317619
0.7118668579769459,1.274803666119456,14.559951463622012,510.7137112417919
0.8401250341547006,1.1226086312993897,11.321919658707765,483.1089379894064
0.7705350981008522,1.1801658031526387,9.389501268537721,390.3777256028922
0.8173329181349775,1.1573998075381402,10.882501571346069,440.609675586291
0.8150695460114838,1.1738751080834087,12.745156903313813,454.42400488807186
0.7874248840960737,1.1988648878408343,10.625466005717282,424.92027384982754
0.708146404456464,1.0833570690622234,10.025897521733901,430.05582032092207
0.856516152382832,1.1990967269569748,12.700931901166431,402.877802899237
0.8143555782510876,1.3695776285535388,12.225517839866415,408.76330123784254
0.7417062643160707,1.2262903481510636,10.517384337820568,485.66937936155284
0.7493841486272692,1.0343882606676664,13.359905416897861,385.31484651749906
0.8303067294005466,1.3037427935689632,11.214374133779422,460.415237929854
0.869607903870223,1.1535169870970143,15.596907873650974,433.57213138142066
0.7531145295930411,1.2097544181850883,12.850253925968218,506.7182022983266
0.8443207298603627,1.2369523777675173,13.71236752917447,459.0439570974167
0.8396052904990986,1.1481293017861176,10.237469163075135,460.42785334732525
0.9344578362797719,1.2807680266421841,10.999968119045674,519.6955531314042
0.7067756160946436,1.1748102056240592,13.194844680107503,416.33814621852963
0.7702906688195289,1.1830001000782169,11.314996641208275,410.7926205810199
0.7457889422519574,1.043994299361751,10.46717686535984,444.9224595312269
0.8503185606884842,1.1336603734616768,9.976613157300385,530.2723347958173
0.7428371301546567,1.2094592282165106,10.527242238591299,414.05384506050007
0.8193282524299659,1.2461157424105036,14.94202364025184,483.4380777205286
0.8077016062783554,1.2624572187013383,10.339515164142425,510.5259809975833
0.8266332935843097,1.248979216507384,13.597015527919593,376.0144139523345
0.7433034368005743,1.2132283579064163,12.689873635396522,478.75193827933697
0.8053288638318754,1.1815487524734316,14.915570046266767,467.4785159508767
0.8373330082548173,1.3195207302636518,14.927921274764614,465.8844639216566
0.8362889080969014,1.2266003962852996,14.545046638547465,564.0312098915947
0.7477552777472638,1.124726551863708,15.567368589102733,459.3065088827635
0.7785048459634989,1.130587410711153,14.274859056539382,478.0180794370661
0.9003873514071159,1.1908804039421357,14.203157289453527,532.6944913697406
0.7283041834017425,1.0946609094529935,12.942846465093833,421.37168855893907
0.7789258573669193,1.13390779411541,12.104155309472402,404.7987537573196
0.7360128132604974,1.23851773614616,12.649647705532708,498.94352996453586
0.8260974499346931,1.2423953244202655,13.90578190484975,404.257127718295
0.7750773377700212,1.2274863607583524,14.269753713290713,482.3277443737942
0.7894011151618693,1.181371180261373,12.89972411932959,392.1807843985333
