timestamp,event,exit_code,memory_rss_mb
2026-08-01T10:00:00Z,OOMKilled,137,65536
2026-08-02T10:00:00Z,OOMKilled,137,65536
2026-08-03T10:00:00Z,OOMKilled,137,65536
2026-08-04T10:00:00Z,OOMKilled,137,65536
2026-08-05T10:00:00Z,OOMKilled,137,65536
2026-08-06T10:00:00Z,OOMKilled,137,65536
2026-08-07T10:00:00Z,OOMKilled,137,65536
2026-08-08T10:00:00Z,OOMKilled,137,65536
2026-08-09T10:00:00Z,OOMKilled,137,65536
2026-08-01T10:00:00Z,OOMKilled,137,65536
2026-08-02T10:00:00Z,OOMKilled,137,65536
2026-08-03T10:00:00Z,OOMKilled,137,65536
2026-08-04T10:00:00Z,OOMKilled,137,65536
2026-08-05T10:00:00Z,OOMKilled,137,65536
2026-08-06T10:00:00Z,OOMKilled,137,65536
2026-08-07T10:00:00Z,OOMKilled,137,65536
2026-08-08T10:00:00Z,OOMKilled,137,65536
2026-08-09T10:00:00Z,OOMKilled,137,65536
2026-08-01T10:00:00Z,OOMKilled,137,65536
2026-08-02T10:00:00Z,OOMKilled,137,65536
2026-08-03T10:00:00Z,OOMKilled,137,65536
2026-08-04T10:00:00Z,OOMKilled,137,65536
2026-08-05T10:00:00Z,OOMKilled,137,65536
2026-08-06T10:00:00Z,OOMKilled,137,65536
2026-08-07T10:00:00Z,OOMKilled,137,65536
2026-08-08T10:00:00Z,OOMKilled,137,65536
2026-08-09T10:00:00Z,OOMKilled,137,65536
2026-08-01T10:00:00Z,OOMKilled,137,65536
2026-08-02T10:00:00Z,OOMKilled,137,65536
2026-08-03T10:00:00Z,OOMKilled,137,65536
2026-08-04T10:00:00Z,OOMKilled,137,65536
2026-08-05T10:00:00Z,OOMKilled,137,65536
2026-08-06T10:00:00Z,OOMKilled,137,65536
2026-08-07T10:00:00Z,OOMKilled,137,65536
2026-08-08T10:00:00Z,OOMKilled,137,65536
2026-08-09T10:00:00Z,OOMKilled,137,65536
2026-08-01T10:00:00Z,OOMKilled,137,65536
2026-08-02T10:00:00Z,OOMKilled,137,65536
2026-08-03T10:00:00Z,OOMKilled,137,65536
2026-08-04T10:00:00Z,OOMKilled,137,65536
2026-08-05T10:00:00Z,OOMKilled,137,65536
2026-08-06T10:00:00Z,OOMKilled,137,65536
2026-08-07T10:00:00Z,OOMKilled,137,65536
2026-08-08T10:00:00Z,OOMKilled,137,65536
2026-08-09T10:00:00Z,OOMKilled,137,65536
2026-08-01T10:00:00Z,OOMKilled,137,65536
2026-08-02T10:00:00Z,OOMKilled,137,65536
